"Paper title","Authors","Publication year","DOI","Publication venue","Source URL","Analysis scope","Metadata source","Relevance score","Retracted flag","Research objective","Methodology","Reported contribution","Explicit limitations"
"Leveraging Machine Learning for Call Traffic Analysis and Network Optimization","Subhojit Malik; Manish Kumar Singh; Subhajit Roy; Swarup Samanta; Swagata Roy Chowdhury; Jagadish Bhattacharya","2026","10.1201/9781003589143-12","CRC Press eBooks","https://doi.org/10.1201/9781003589143-12","Abstract only","OpenAlex","1.0","False","Exploratory analysis provided insights into feature distributions, correlations, and the presence of outliers.","Machine learning (ML) techniques have been applied to predict and optimize network traffic in cellular networks.","Analyzing call traffic data is crucial for improving network performance and managing congestion in communication systems.","Not available in retrieved text"
"Machine Learning-Based Network Traffic Prediction for Intelligent Communication Network Optimization","NADIGOTTU Jashwanth NADIGOTTU Jashwanth; Tammisetty Venkata Sreeja Tammisetty Venkata Sreeja; A Mamatha A Mamatha","2026","10.55041/ijcope.v2i7.108","International Journal of Creative and Open Research in Engineering and Management","https://doi.org/10.55041/ijcope.v2i7.108","Abstract only","OpenAlex","1.0","False","This paper presents a comprehensive study of Machine Learning for Network Traffic Prediction and proposes an Artificial Intelligence-Based Traffic Prediction Framework (AI-TPF) designed to improve network efficiency and reliability.","Machine Learning (ML) has emerged as a powerful solution for network traffic prediction by enabling intelligent analysis of historical and real-time network data.","This paper presents a comprehensive study of Machine Learning for Network Traffic Prediction and proposes an Artificial Intelligence-Based Traffic Prediction Framework (AI-TPF) designed to improve network efficiency and reliability.","Not available in retrieved text"
"Machine Learning in Network Traffic Analysis: Classification, Optimization, and Security","Yash Gujarathi; Yash Potekar","2025","10.22214/ijraset.2025.68216","International Journal for Research in Applied Science and Engineering Technology","https://doi.org/10.22214/ijraset.2025.68216","Abstract only","OpenAlex","1.0","False","Key challenges such as data imbalance, real-time processing, and computational overhead are explored.","Machine learning (ML) has emerged as a powerful alternative, providing enhanced capabilities for traffic classification, anomaly detection, and optimization.","The study consolidates findings from multiple research papers, emphasizing the role of AI-driven models in improving cybersecurity, traffic prediction, and quality of service (QoS).","Not available in retrieved text"
"Network traffic forecasting model based on incremental optimization learning machine","Yan Bin","2015","","Information technology newsletter","http://en.cnki.com.cn/Article_en/CJFDTotal-HDZJ201512049.htm","Abstract only","OpenAlex","1.0","False","The results show that the proposed model not only speeds up the network traffic modeling speed,can be applied to long-term and online prediction for network traffic,but also improves the prediction accuracy of network traffic compared with other network traffic prediction models.","In order to get more ideal forecasting results of network traffic,in view of manually setting the hidden layers nodes number of extreme learning machine,this paper puts forward a forecasting model for network traffic based on incremental optimization extreme learning machine network traffic.","In order to get more ideal forecasting results of network traffic,in view of manually setting the hidden layers nodes number of extreme learning machine,this paper puts forward a forecasting model for network traffic based on incremental optimization extreme learning machine network traffic.","Not available in retrieved text"
"Software Defined Network Traffic Classification for QoS Optimization Using Machine Learning","Rehab H. Serag; Mohamed S. Abdalzaher; Hussein Abd El Atty Elsayed; Mohamed Sobh","2025","10.1007/s10922-025-09911-6","Journal of Network and Systems Management","https://doi.org/10.1007/s10922-025-09911-6","Abstract only","OpenAlex","0.95","False","To address this limitation, this paper proposes integrating software defined network (SDN) architecture with machine learning (ML) technology.","Traditional traffic classification (TC) methods often fall short due to their inability to adapt to the dynamic and complex nature of modern network environments.","The results showed that both min-max and max-abs scaling provided the best performance enhancement across the four scaling methods.","To address this limitation, this paper proposes integrating software defined network (SDN) architecture with machine learning (ML) technology."
"Is Machine Learning Ready for Traffic Engineering Optimization?","Guillermo Bernárdez; José Suárez‐Varela; Albert València López; Bo Wu; Shihan Xiao; Xiangle Cheng; Pere Barlet‐Ros; Albert Cabellos‐Aparicio","2021","10.1109/icnp52444.2021.9651930","Not available","https://doi.org/10.1109/icnp52444.2021.9651930","Abstract only","OpenAlex","0.85","False","We address this open question through a comparative analysis between the state of the art in ML and the state of the art in TE.","In this paper, we analyze whether modern Machine Learning (ML) methods are ready to be used for TE optimization.","Our experimental results show that the proposed MARL+GNN solution achieves equivalent performance to DEFO in a wide variety of network scenarios including three real-world network topologies.","In our evaluation, we compare our MARL+GNN system with DEFO, a network optimizer based on Constraint Programming that represents the state of the art in TE."
"Is Machine Learning Ready for Traffic Engineering Optimization?","Guillermo Bernárdez; José Suárez‐Varela; Albert López; Bo Wu; Shihan Xiao; Xiangle Cheng; Pere Barlet‐Ros; Albert Cabellos‐Aparicio","2021","10.48550/arxiv.2109.01445","arXiv (Cornell University)","http://arxiv.org/abs/2109.01445","Abstract only","OpenAlex","0.85","False","We address this open question through a comparative analysis between the state of the art in ML and the state of the art in TE.","In this paper, we analyze whether modern Machine Learning (ML) methods are ready to be used for TE optimization.","Our experimental results show that the proposed MARL+GNN solution achieves equivalent performance to DEFO in a wide variety of network scenarios including three real-world network topologies.","In our evaluation, we compare our MARL+GNN system with DEFO, a network optimizer based on Constraint Programming that represents the state of the art in TE."
"Machine Learning Classification and Regression Approaches for Optical Network Traffic Prediction","Daniel Szostak; Adam Włodarczyk; Krzysztof M. Walkowiak","2021","10.3390/electronics10131578","Electronics","https://doi.org/10.3390/electronics10131578","Abstract only","OpenAlex","0.85","False","In this paper, we propose a procedure for network traffic prediction.","Artificial intelligence provides suitable tools to improve currently used network optimization methods.","Artificial intelligence provides suitable tools to improve currently used network optimization methods.","Not available in retrieved text"
"Anomaly Identification and Classification of Network Traffic Using Optimized Machine Learning Approach","Vishwanath Eswarakrishnan; Priyanka Singla","2024","10.1109/picom64201.2024.00022","Not available","https://doi.org/10.1109/picom64201.2024.00022","Abstract only","OpenAlex","0.8","False","Also, our proposed approach was tested with real-world testing computation and returned a response time of less than 0.11 seconds, making this suitable for low-latency devices.","However, the dramatically changing complex environment of network traffic has made traditional classification methods inadequate.","The results were brilliant, with the Random Forest model having an accuracy of 100%, F1-score, recall, and AUC.","ROC curve analysis is not limited to basic model performance metrics like false-positive and false-negative rates."
"Network Traffic Classification Using Machine Learning","Zahraa Abbas Hasan Tayyeh; Raaid Alubady; Mohammed Molhem; Mohammed Alsamman","2024","10.1109/netapps63333.2024.10823428","Not available","https://doi.org/10.1109/netapps63333.2024.10823428","Abstract only","OpenAlex","0.8","False","This paper proposes a classification methodology based on machine learning algorithms, to identify and categorize network traffic patterns.","Traditional traffic classification methods rely on port-based or payload-based approaches, which have become less effective due to the rise of encryption and dynamic port assignments.","The results of the proposed methodology demonstrate that machine learning algorithms significantly improve traffic classification accuracy, and the better evaluation criteria in predicting network traffic are the decision trees where DT accuracy is 94.71%, In contrast, the SVM accuracy is 91.52%, and KNN 94.28%.","Not available in retrieved text"
